,mean_fit_time,std_fit_time,mean_score_time,std_score_time,param_classifier__max_depth,param_classifier__min_samples_leaf,param_classifier__min_samples_split,param_classifier__n_estimators,params,split0_test_score,split1_test_score,split2_test_score,split3_test_score,split4_test_score,mean_test_score,std_test_score,rank_test_score
0,3.0495065212249757,0.14975164493804016,0.025592660903930663,0.0054384900402932815,,1,2,100,"{'classifier__max_depth': None, 'classifier__min_samples_leaf': 1, 'classifier__min_samples_split': 2, 'classifier__n_estimators': 100}",0.9058823529411765,0.9085545722713865,0.9199417758369723,0.9219440353460973,0.8973607038123167,0.9107366880415899,0.009138724501022984,14
1,4.159321212768555,0.14932527314643548,0.04341888427734375,0.006475943945309221,,1,2,200,"{'classifier__max_depth': None, 'classifier__min_samples_leaf': 1, 'classifier__min_samples_split': 2, 'classifier__n_estimators': 200}",0.912850812407681,0.9144542772861357,0.9201741654571843,0.9165446559297218,0.9032258064516129,0.913449943506467,0.005669092145240077,4
2,5.450633907318116,0.15498612771409417,0.059317731857299806,0.008140224688359078,,1,2,300,"{'classifier__max_depth': None, 'classifier__min_samples_leaf': 1, 'classifier__min_samples_split': 2, 'classifier__n_estimators': 300}",0.9181286549707602,0.9178885630498533,0.9201741654571843,0.9165446559297218,0.9042709867452136,0.9154014052305467,0.005685003485740658,2
3,2.8087291717529297,0.038563132858402835,0.024268341064453126,0.008066933749891604,,1,5,100,"{'classifier__max_depth': None, 'classifier__min_samples_leaf': 1, 'classifier__min_samples_split': 5, 'classifier__n_estimators': 100}",0.9032258064516129,0.9169139465875371,0.9096209912536443,0.9181286549707602,0.9002932551319648,0.9096365308791038,0.0071199913178838625,19
4,3.970899820327759,0.11739307502513242,0.03695664405822754,0.006213500017257982,,1,5,200,"{'classifier__max_depth': None, 'classifier__min_samples_leaf': 1, 'classifier__min_samples_split': 5, 'classifier__n_estimators': 200}",0.9090909090909091,0.913946587537092,0.9181286549707602,0.9176470588235294,0.9032258064516129,0.9124078033747807,0.005618837113248401,9
5,5.185154008865356,0.17220028675745588,0.0589479923248291,0.01067210360967434,,1,5,300,"{'classifier__max_depth': None, 'classifier__min_samples_leaf': 1, 'classifier__min_samples_split': 5, 'classifier__n_estimators': 300}",0.9104258443465492,0.9107142857142857,0.9212827988338192,0.9136163982430454,0.9019033674963397,0.9115885389268078,0.006229118903268179,11
6,2.8899319648742674,0.18169901527726795,0.023454666137695312,0.002495319793439316,,1,10,100,"{'classifier__max_depth': None, 'classifier__min_samples_leaf': 1, 'classifier__min_samples_split': 10, 'classifier__n_estimators': 100}",0.9042709867452136,0.9014925373134328,0.9010339734121122,0.9002932551319648,0.8911764705882353,0.8996534446381919,0.004446982419246639,44
7,3.9457558155059815,0.0899298746793321,0.04350624084472656,0.006059011536238243,,1,10,200,"{'classifier__max_depth': None, 'classifier__min_samples_leaf': 1, 'classifier__min_samples_split': 10, 'classifier__n_estimators': 200}",0.9042709867452136,0.9031296572280179,0.9020771513353115,0.8960468521229868,0.895741556534508,0.9002532407932076,0.0036274427411625257,41
8,5.220737934112549,0.18539946252953762,0.060940885543823244,0.013825819307211943,,1,10,300,"{'classifier__max_depth': None, 'classifier__min_samples_leaf': 1, 'classifier__min_samples_split': 10, 'classifier__n_estimators': 300}",0.9039881831610044,0.8955223880597015,0.9069423929098966,0.9005847953216374,0.8960468521229868,0.9006169223150453,0.004432106292063481,37
9,2.824084758758545,0.09089195758000469,0.026830053329467772,0.005571794261979215,,2,2,100,"{'classifier__max_depth': None, 'classifier__min_samples_leaf': 2, 'classifier__min_samples_split': 2, 'classifier__n_estimators': 100}",0.9117647058823529,0.9085545722713865,0.9194729136163983,0.9136163982430454,0.8914956011730205,0.9089808382372407,0.009436495104226656,24
10,4.350587463378906,0.15465003150028814,0.043548059463500974,0.005426404592231987,,2,2,200,"{'classifier__max_depth': None, 'classifier__min_samples_leaf': 2, 'classifier__min_samples_split': 2, 'classifier__n_estimators': 200}",0.9120234604105572,0.911504424778761,0.9138686131386862,0.9088277858176556,0.8976608187134503,0.908777020571822,0.00578748548279395,26
11,5.361619567871093,0.1407852640950149,0.05653262138366699,0.005612783457536218,,2,2,300,"{'classifier__max_depth': None, 'classifier__min_samples_leaf': 2, 'classifier__min_samples_split': 2, 'classifier__n_estimators': 300}",0.9104258443465492,0.908284023668639,0.9165446559297218,0.9112081513828238,0.9005847953216374,0.9094094941298743,0.005183062075679534,21
12,3.0274508953094483,0.10986129978443222,0.02436366081237793,0.0038554704403802975,,2,5,100,"{'classifier__max_depth': None, 'classifier__min_samples_leaf': 2, 'classifier__min_samples_split': 5, 'classifier__n_estimators': 100}",0.9133627019089574,0.9125925925925926,0.9178885630498533,0.908284023668639,0.8985507246376812,0.9101357211715447,0.006545183074309661,16
13,3.9627224922180178,0.2054999248769356,0.03931550979614258,0.006056500944967257,,2,5,200,"{'classifier__max_depth': None, 'classifier__min_samples_leaf': 2, 'classifier__min_samples_split': 5, 'classifier__n_estimators': 200}",0.9096209912536443,0.908284023668639,0.9149560117302052,0.9058823529411765,0.8998548621190131,0.9077196483425356,0.004930093228049703,31
14,5.070740699768066,0.16214322574199516,0.0508821964263916,0.006700332018026998,,2,5,300,"{'classifier__max_depth': None, 'classifier__min_samples_leaf': 2, 'classifier__min_samples_split': 5, 'classifier__n_estimators': 300}",0.9021897810218978,0.9085545722713865,0.9215116279069767,0.9074889867841409,0.8998548621190131,0.907919966020683,0.007525990460957613,30
15,2.696938419342041,0.053812378742370506,0.02311553955078125,0.005188172619801919,,2,10,100,"{'classifier__max_depth': None, 'classifier__min_samples_leaf': 2, 'classifier__min_samples_split': 10, 'classifier__n_estimators': 100}",0.8967551622418879,0.8958333333333334,0.9013254786450663,0.9023668639053254,0.8892128279883382,0.8970987332227901,0.004680285397684913,52
16,4.009075403213501,0.09536732283943646,0.0424537181854248,0.002903594345087644,,2,10,200,"{'classifier__max_depth': None, 'classifier__min_samples_leaf': 2, 'classifier__min_samples_split': 10, 'classifier__n_estimators': 200}",0.9029411764705882,0.890881913303438,0.9029411764705882,0.9098966026587888,0.8908554572271387,0.8995032652261085,0.007493626926942318,46
17,4.943890619277954,0.08087142744791803,0.05485653877258301,0.010262596365151725,,2,10,300,"{'classifier__max_depth': None, 'classifier__min_samples_leaf': 2, 'classifier__min_samples_split': 10, 'classifier__n_estimators': 300}",0.9029411764705882,0.8945022288261516,0.8986784140969163,0.9058823529411765,0.8898678414096917,0.8983744027489049,0.005738858386826704,49
18,2.8005449295043947,0.15882718131235232,0.02357487678527832,0.0029065461553819763,,4,2,100,"{'classifier__max_depth': None, 'classifier__min_samples_leaf': 4, 'classifier__min_samples_split': 2, 'classifier__n_estimators': 100}",0.8865979381443299,0.8955223880597015,0.888235294117647,0.9,0.8928046989720999,0.8926320638587557,0.004866467243169545,71
19,3.8524289608001707,0.15742241049020078,0.04620718955993652,0.003638507611988167,,4,2,200,"{'classifier__max_depth': None, 'classifier__min_samples_leaf': 4, 'classifier__min_samples_split': 2, 'classifier__n_estimators': 200}",0.8885630498533724,0.8922155688622755,0.8938053097345132,0.8963503649635036,0.8918128654970761,0.8925494317821482,0.0025522365761820043,77
20,4.906277656555176,0.27058135131872013,0.05120892524719238,0.0077906272466978415,,4,2,300,"{'classifier__max_depth': None, 'classifier__min_samples_leaf': 4, 'classifier__min_samples_split': 2, 'classifier__n_estimators': 300}",0.893740902474527,0.8952095808383234,0.8928046989720999,0.8976608187134503,0.8914956011730205,0.8941823204342843,0.0021197341962133046,58
21,2.7641632080078127,0.12892069795103436,0.02213630676269531,0.002758178595427943,,4,5,100,"{'classifier__max_depth': None, 'classifier__min_samples_leaf': 4, 'classifier__min_samples_split': 5, 'classifier__n_estimators': 100}",0.8865979381443299,0.8955223880597015,0.888235294117647,0.9,0.8928046989720999,0.8926320638587557,0.004866467243169545,71
22,3.8497134685516357,0.11426980269236628,0.031275367736816405,0.0022453292166334502,,4,5,200,"{'classifier__max_depth': None, 'classifier__min_samples_leaf': 4, 'classifier__min_samples_split': 5, 'classifier__n_estimators': 200}",0.8885630498533724,0.8922155688622755,0.8938053097345132,0.8963503649635036,0.8918128654970761,0.8925494317821482,0.0025522365761820043,77
23,4.88562707901001,0.189105556549595,0.053967761993408206,0.0054299574262008125,,4,5,300,"{'classifier__max_depth': None, 'classifier__min_samples_leaf': 4, 'classifier__min_samples_split': 5, 'classifier__n_estimators': 300}",0.893740902474527,0.8952095808383234,0.8928046989720999,0.8976608187134503,0.8914956011730205,0.8941823204342843,0.0021197341962133046,58
24,2.7632800579071044,0.08062673004886185,0.026591014862060548,0.004537305475201605,,4,10,100,"{'classifier__max_depth': None, 'classifier__min_samples_leaf': 4, 'classifier__min_samples_split': 10, 'classifier__n_estimators': 100}",0.8953488372093024,0.8878923766816144,0.8967551622418879,0.8963503649635036,0.8866279069767442,0.8925949296146106,0.004398049578195323,75
25,3.7608967781066895,0.1616680033803912,0.03446006774902344,0.0037468376946940495,,4,10,200,"{'classifier__max_depth': None, 'classifier__min_samples_leaf': 4, 'classifier__min_samples_split': 10, 'classifier__n_estimators': 200}",0.8947368421052632,0.890881913303438,0.8945022288261516,0.8966521106259098,0.8918128654970761,0.8937171920715677,0.002094515753734316,63
26,5.017519855499268,0.11787701146322524,0.05600414276123047,0.007757998863490015,,4,10,300,"{'classifier__max_depth': None, 'classifier__min_samples_leaf': 4, 'classifier__min_samples_split': 10, 'classifier__n_estimators': 300}",0.8976608187134503,0.8945022288261516,0.8991097922848664,0.8973607038123167,0.8931185944363104,0.896350427614619,0.002200566320975093,54
27,2.67389121055603,0.13764471431684386,0.019936370849609374,0.004592345863167569,10,1,2,100,"{'classifier__max_depth': 10, 'classifier__min_samples_leaf': 1, 'classifier__min_samples_split': 2, 'classifier__n_estimators': 100}",0.8863636363636364,0.8779761904761905,0.8723702664796634,0.8785310734463276,0.8866571018651362,0.8803796537261908,0.005450845293207943,86
28,3.6330419540405274,0.05788179642091221,0.03477482795715332,0.006591043225350949,10,1,2,200,"{'classifier__max_depth': 10, 'classifier__min_samples_leaf': 1, 'classifier__min_samples_split': 2, 'classifier__n_estimators': 200}",0.887624466571835,0.8846153846153846,0.8727272727272727,0.8816901408450705,0.8901569186875892,0.8833628366894304,0.006029975919355037,82
29,4.412150764465332,0.13120665546884752,0.04817872047424317,0.007464051907336625,10,1,2,300,"{'classifier__max_depth': 10, 'classifier__min_samples_leaf': 1, 'classifier__min_samples_split': 2, 'classifier__n_estimators': 300}",0.8838526912181303,0.8813056379821959,0.8748241912798875,0.8816901408450705,0.8901569186875892,0.8823659160025746,0.004926838676398532,83
30,2.707301950454712,0.14542573089125638,0.020046567916870116,0.0032331218775355306,10,1,5,100,"{'classifier__max_depth': 10, 'classifier__min_samples_leaf': 1, 'classifier__min_samples_split': 5, 'classifier__n_estimators': 100}",0.8831908831908832,0.874251497005988,0.867231638418079,0.8700564971751412,0.8917378917378918,0.8772936815055965,0.009014306757697953,92
31,3.6668777465820312,0.14307123586686013,0.03713755607604981,0.003260864938818868,10,1,5,200,"{'classifier__max_depth': 10, 'classifier__min_samples_leaf': 1, 'classifier__min_samples_split': 5, 'classifier__n_estimators': 200}",0.886685552407932,0.8772455089820359,0.8663853727144867,0.8810198300283286,0.8942857142857142,0.8811243956836995,0.00934282896731846,84
32,4.456033229827881,0.20520297303014962,0.050672388076782225,0.006995828722601204,10,1,5,300,"{'classifier__max_depth': 10, 'classifier__min_samples_leaf': 1, 'classifier__min_samples_split': 5, 'classifier__n_estimators': 300}",0.8863636363636364,0.874251497005988,0.8631875881523272,0.8835227272727273,0.8923959827833573,0.8799442863156072,0.01022010590069097,88
33,2.673362970352173,0.13383150524784115,0.020702695846557616,0.0016943286440207759,10,1,10,100,"{'classifier__max_depth': 10, 'classifier__min_samples_leaf': 1, 'classifier__min_samples_split': 10, 'classifier__n_estimators': 100}",0.8863309352517985,0.8712574850299402,0.8624113475177305,0.8681948424068768,0.8802308802308803,0.8736850980874452,0.008554509056161867,101
34,3.642863416671753,0.1294578748934943,0.032628202438354494,0.006056709168939718,10,1,10,200,"{'classifier__max_depth': 10, 'classifier__min_samples_leaf': 1, 'classifier__min_samples_split': 10, 'classifier__n_estimators': 200}",0.884450784593438,0.8708708708708709,0.8619718309859155,0.8714285714285714,0.882183908045977,0.8741811931849546,0.00821111001641294,97
35,4.5769459247589115,0.17070005081662443,0.05259518623352051,0.004690512982639741,10,1,10,300,"{'classifier__max_depth': 10, 'classifier__min_samples_leaf': 1, 'classifier__min_samples_split': 10, 'classifier__n_estimators': 300}",0.8901569186875892,0.874251497005988,0.8607594936708861,0.8701854493580599,0.8776978417266187,0.8746102400898284,0.009620635584737358,95
36,2.663767623901367,0.10351757793892218,0.021603918075561522,0.0071949502544813365,10,2,2,100,"{'classifier__max_depth': 10, 'classifier__min_samples_leaf': 2, 'classifier__min_samples_split': 2, 'classifier__n_estimators': 100}",0.8835227272727273,0.869172932330827,0.8636363636363636,0.8829337094499294,0.8847262247838616,0.8767983914947418,0.008684422416392177,93
37,3.5414825439453126,0.1569263462163312,0.03243832588195801,0.0032422916911048613,10,2,2,200,"{'classifier__max_depth': 10, 'classifier__min_samples_leaf': 2, 'classifier__min_samples_split': 2, 'classifier__n_estimators': 200}",0.8857142857142857,0.8725637181409296,0.8667601683029453,0.8781869688385269,0.883453237410072,0.877335675681352,0.0069708436032729516,91
38,4.666822624206543,0.11850878862362352,0.04921841621398926,0.010860396133818001,10,2,2,300,"{'classifier__max_depth': 10, 'classifier__min_samples_leaf': 2, 'classifier__min_samples_split': 2, 'classifier__n_estimators': 300}",0.8888888888888888,0.8738738738738738,0.8635724331926864,0.8885714285714286,0.8850574712643678,0.8799928191582491,0.009853465012101438,87
39,2.5730356216430663,0.06393930361777073,0.023198318481445313,0.006527902079290184,10,2,5,100,"{'classifier__max_depth': 10, 'classifier__min_samples_leaf': 2, 'classifier__min_samples_split': 5, 'classifier__n_estimators': 100}",0.887624466571835,0.8755622188905547,0.864406779661017,0.8728813559322034,0.8923959827833573,0.8785741607677935,0.01015032321819579,90
40,3.5268393039703367,0.1779801750193004,0.03240118026733398,0.0045041230841849356,10,2,5,200,"{'classifier__max_depth': 10, 'classifier__min_samples_leaf': 2, 'classifier__min_samples_split': 5, 'classifier__n_estimators': 200}",0.8930099857346647,0.879284649776453,0.8676056338028169,0.875,0.8882521489971347,0.880630483662214,0.009104967688220559,85
41,4.476821517944336,0.2390054359062399,0.0455683708190918,0.009515462260084675,10,2,5,300,"{'classifier__max_depth': 10, 'classifier__min_samples_leaf': 2, 'classifier__min_samples_split': 5, 'classifier__n_estimators': 300}",0.8888888888888888,0.8763040238450075,0.8663853727144867,0.8819345661450925,0.8847262247838616,0.8796478152754673,0.007790895173432692,89
42,2.785688591003418,0.13130169627625582,0.023296880722045898,0.0035274091525858368,10,2,10,100,"{'classifier__max_depth': 10, 'classifier__min_samples_leaf': 2, 'classifier__min_samples_split': 10, 'classifier__n_estimators': 100}",0.882183908045977,0.8695652173913043,0.8656294200848657,0.8701854493580599,0.8837876614060258,0.8742703312572466,0.0073033413347968115,96
43,3.4877567291259766,0.07517425499424768,0.03959789276123047,0.0029843642604636634,10,2,10,200,"{'classifier__max_depth': 10, 'classifier__min_samples_leaf': 2, 'classifier__min_samples_split': 10, 'classifier__n_estimators': 200}",0.8828571428571429,0.8721804511278195,0.8664772727272727,0.866571018651363,0.8809182209469153,0.8738008212621026,0.006945564734569942,98
44,4.5259765625,0.2255877558370839,0.04681696891784668,0.009200615153249332,10,2,10,300,"{'classifier__max_depth': 10, 'classifier__min_samples_leaf': 2, 'classifier__min_samples_split': 10, 'classifier__n_estimators': 300}",0.887624466571835,0.8708708708708709,0.8591549295774648,0.8764367816091954,0.882183908045977,0.8752541913350687,0.009806558318951244,94
45,2.6264800071716308,0.05401659391156198,0.019385623931884765,0.0035119094233547854,10,4,2,100,"{'classifier__max_depth': 10, 'classifier__min_samples_leaf': 4, 'classifier__min_samples_split': 2, 'classifier__n_estimators': 100}",0.8831168831168831,0.8751879699248121,0.8559322033898306,0.8730385164051355,0.873758865248227,0.8722068876169777,0.008898094641400277,104
46,3.7162177085876467,0.049983176351129706,0.0318906307220459,0.008534503381086961,10,4,2,200,"{'classifier__max_depth': 10, 'classifier__min_samples_leaf': 4, 'classifier__min_samples_split': 2, 'classifier__n_estimators': 200}",0.8762446657183499,0.8640483383685801,0.8571428571428571,0.8774928774928775,0.8767908309455588,0.8703439139336446,0.008263067985239934,107
47,4.418856191635132,0.16582121848041945,0.038192462921142575,0.0033488541382983776,10,4,2,300,"{'classifier__max_depth': 10, 'classifier__min_samples_leaf': 4, 'classifier__min_samples_split': 2, 'classifier__n_estimators': 300}",0.8787446504992867,0.8717948717948718,0.8547249647390691,0.8819345661450925,0.8815977175463623,0.8737593541449364,0.010191117532036567,99
48,2.662840223312378,0.1546142800138727,0.02434859275817871,0.003160083440673975,10,4,5,100,"{'classifier__max_depth': 10, 'classifier__min_samples_leaf': 4, 'classifier__min_samples_split': 5, 'classifier__n_estimators': 100}",0.8831168831168831,0.8751879699248121,0.8559322033898306,0.8730385164051355,0.873758865248227,0.8722068876169777,0.008898094641400277,104
49,3.670432281494141,0.24519948380968978,0.032359647750854495,0.0075984172404909905,10,4,5,200,"{'classifier__max_depth': 10, 'classifier__min_samples_leaf': 4, 'classifier__min_samples_split': 5, 'classifier__n_estimators': 200}",0.8762446657183499,0.8640483383685801,0.8571428571428571,0.8774928774928775,0.8767908309455588,0.8703439139336446,0.008263067985239934,107
50,4.608068656921387,0.18900710557481376,0.0476475715637207,0.008360860565307535,10,4,5,300,"{'classifier__max_depth': 10, 'classifier__min_samples_leaf': 4, 'classifier__min_samples_split': 5, 'classifier__n_estimators': 300}",0.8787446504992867,0.8717948717948718,0.8547249647390691,0.8819345661450925,0.8815977175463623,0.8737593541449364,0.010191117532036567,99
51,2.7735692977905275,0.22251340883568832,0.02268505096435547,0.003499456178631406,10,4,10,100,"{'classifier__max_depth': 10, 'classifier__min_samples_leaf': 4, 'classifier__min_samples_split': 10, 'classifier__n_estimators': 100}",0.8796561604584527,0.8768768768768769,0.8595744680851064,0.8714285714285714,0.8742857142857143,0.8723643582269445,0.006952435547724039,103
52,3.7150009155273436,0.19177187804815968,0.03555684089660645,0.006282326829319746,10,4,10,200,"{'classifier__max_depth': 10, 'classifier__min_samples_leaf': 4, 'classifier__min_samples_split': 10, 'classifier__n_estimators': 200}",0.88,0.8687782805429864,0.8567415730337079,0.8710601719197708,0.8783977110157367,0.8709955473024404,0.008294195882645426,106
53,4.447030115127563,0.20719782926656072,0.05143575668334961,0.009057293376416541,10,4,10,300,"{'classifier__max_depth': 10, 'classifier__min_samples_leaf': 4, 'classifier__min_samples_split': 10, 'classifier__n_estimators': 300}",0.8825214899713467,0.8657616892911011,0.8571428571428571,0.8767908309455588,0.8809182209469153,0.8726270176595559,0.009704369488796405,102
54,3.055188512802124,0.134667564408015,0.025509166717529296,0.004737783517770078,20,1,2,100,"{'classifier__max_depth': 20, 'classifier__min_samples_leaf': 1, 'classifier__min_samples_split': 2, 'classifier__n_estimators': 100}",0.9090909090909091,0.9155555555555556,0.9199417758369723,0.9194729136163983,0.9005847953216374,0.9129291898842945,0.007293983208541154,7
55,4.026008033752442,0.26605651278110937,0.04238443374633789,0.007959443986560767,20,1,2,200,"{'classifier__max_depth': 20, 'classifier__min_samples_leaf': 1, 'classifier__min_samples_split': 2, 'classifier__n_estimators': 200}",0.9149560117302052,0.9162995594713657,0.9199417758369723,0.9167883211678832,0.8979591836734694,0.9131889703759791,0.007788456976693469,6
56,5.321228694915772,0.26637906589060273,0.06817293167114258,0.006354429054463264,20,1,2,300,"{'classifier__max_depth': 20, 'classifier__min_samples_leaf': 1, 'classifier__min_samples_split': 2, 'classifier__n_estimators': 300}",0.9226277372262773,0.9178885630498533,0.9201741654571843,0.9154518950437318,0.9019033674963397,0.9156091456546773,0.007254913642323444,1
57,2.951181936264038,0.2607112279969972,0.02475318908691406,0.002662759477708144,20,1,5,100,"{'classifier__max_depth': 20, 'classifier__min_samples_leaf': 1, 'classifier__min_samples_split': 5, 'classifier__n_estimators': 100}",0.9088235294117647,0.9112426035502958,0.9162995594713657,0.9170305676855895,0.9024745269286754,0.9111741574095383,0.0053250538960368105,13
58,4.120810413360596,0.2846689007615774,0.04818258285522461,0.010166954281209693,20,1,5,200,"{'classifier__max_depth': 20, 'classifier__min_samples_leaf': 1, 'classifier__min_samples_split': 5, 'classifier__n_estimators': 200}",0.9117647058823529,0.9096296296296297,0.9170305676855895,0.9181286549707602,0.9013254786450663,0.9115758073626796,0.006026387826776551,12
59,5.051894474029541,0.35061897081961496,0.057422208786010745,0.008795110337740815,20,1,5,300,"{'classifier__max_depth': 20, 'classifier__min_samples_leaf': 1, 'classifier__min_samples_split': 5, 'classifier__n_estimators': 300}",0.9090909090909091,0.9085545722713865,0.9188405797101449,0.9136163982430454,0.8986784140969163,0.9097561746824805,0.006663796919128764,18
60,3.022262954711914,0.15523472737584113,0.024171829223632812,0.004042449461056013,20,1,10,100,"{'classifier__max_depth': 20, 'classifier__min_samples_leaf': 1, 'classifier__min_samples_split': 10, 'classifier__n_estimators': 100}",0.9007407407407407,0.9031296572280179,0.8974739970282318,0.8976608187134503,0.8938053097345132,0.8985621046889907,0.003169617774205868,48
61,3.968567419052124,0.2327576909590714,0.035812091827392575,0.009733678577566662,20,1,10,200,"{'classifier__max_depth': 20, 'classifier__min_samples_leaf': 1, 'classifier__min_samples_split': 10, 'classifier__n_estimators': 200}",0.8994082840236687,0.9044776119402985,0.9023668639053254,0.9016152716593245,0.8918128654970761,0.8999361794051385,0.004373078773395791,42
62,5.048462677001953,0.2813044957303602,0.05550856590270996,0.010195141360074326,20,1,10,300,"{'classifier__max_depth': 20, 'classifier__min_samples_leaf': 1, 'classifier__min_samples_split': 10, 'classifier__n_estimators': 300}",0.9010339734121122,0.8971684053651267,0.9048316251830161,0.9021897810218978,0.8960468521229868,0.9002541274210278,0.0032413344916302493,40
63,3.002603816986084,0.19889698535293066,0.0285036563873291,0.00617118285203051,20,2,2,100,"{'classifier__max_depth': 20, 'classifier__min_samples_leaf': 2, 'classifier__min_samples_split': 2, 'classifier__n_estimators': 100}",0.9035087719298246,0.9045521292217328,0.9160530191458026,0.9069767441860465,0.888243831640058,0.903866899224693,0.008976087014702615,36
64,4.064122533798217,0.26876024361497014,0.03941011428833008,0.004771295161450004,20,2,2,200,"{'classifier__max_depth': 20, 'classifier__min_samples_leaf': 2, 'classifier__min_samples_split': 2, 'classifier__n_estimators': 200}",0.9106881405563689,0.9072164948453608,0.9101620029455081,0.9101449275362319,0.8960468521229868,0.9068516836012913,0.005538944705668051,34
65,5.278189992904663,0.1862480662941504,0.05640158653259277,0.012348303384676698,20,2,2,300,"{'classifier__max_depth': 20, 'classifier__min_samples_leaf': 2, 'classifier__min_samples_split': 2, 'classifier__n_estimators': 300}",0.9067055393586005,0.9085545722713865,0.9149560117302052,0.9138686131386862,0.9024745269286754,0.9093118526855107,0.004620302229035689,23
66,2.971837949752808,0.13625810632985763,0.02720675468444824,0.004965467849195726,20,2,5,100,"{'classifier__max_depth': 20, 'classifier__min_samples_leaf': 2, 'classifier__min_samples_split': 5, 'classifier__n_estimators': 100}",0.9136163982430454,0.911504424778761,0.911504424778761,0.9048316251830161,0.9014492753623189,0.9085812296691804,0.00463394794753705,28
67,4.127222347259521,0.0906996170472823,0.04058923721313477,0.006722888034953581,20,2,5,200,"{'classifier__max_depth': 20, 'classifier__min_samples_leaf': 2, 'classifier__min_samples_split': 5, 'classifier__n_estimators': 200}",0.9035087719298246,0.9096296296296297,0.9152046783625731,0.9032258064516129,0.9037900874635568,0.9070717947674394,0.004710470792806731,33
68,5.254246759414673,0.11928209712757595,0.0658198356628418,0.003442148144898675,20,2,5,300,"{'classifier__max_depth': 20, 'classifier__min_samples_leaf': 2, 'classifier__min_samples_split': 5, 'classifier__n_estimators': 300}",0.9037900874635568,0.9069423929098966,0.9186046511627907,0.9048316251830161,0.8959537572254336,0.9060245027889389,0.007306683795213168,35
69,2.9867274284362795,0.08830577314121389,0.0266878604888916,0.003646821316572669,20,2,10,100,"{'classifier__max_depth': 20, 'classifier__min_samples_leaf': 2, 'classifier__min_samples_split': 10, 'classifier__n_estimators': 100}",0.8951255539143279,0.8938714499252616,0.9,0.898379970544919,0.8869309838472834,0.8948615916463585,0.0045326995764583345,57
70,3.9691184520721436,0.12368517123063986,0.03749771118164062,0.009118564730435812,20,2,10,200,"{'classifier__max_depth': 20, 'classifier__min_samples_leaf': 2, 'classifier__min_samples_split': 10, 'classifier__n_estimators': 200}",0.9019033674963397,0.8941877794336811,0.8989751098096632,0.9045521292217328,0.888235294117647,0.8975707360158127,0.005797907951411261,51
71,4.98121132850647,0.3305435851302783,0.052664899826049806,0.00833386675476092,20,2,10,300,"{'classifier__max_depth': 20, 'classifier__min_samples_leaf': 2, 'classifier__min_samples_split': 10, 'classifier__n_estimators': 300}",0.9058823529411765,0.8991097922848664,0.9019033674963397,0.9042709867452136,0.888235294117647,0.8998803587170485,0.006254525015057545,43
72,3.0106438636779784,0.0927468997894877,0.023964548110961915,0.003929438393197665,20,4,2,100,"{'classifier__max_depth': 20, 'classifier__min_samples_leaf': 4, 'classifier__min_samples_split': 2, 'classifier__n_estimators': 100}",0.8928046989720999,0.8892215568862275,0.8928046989720999,0.9005847953216374,0.8892128279883382,0.8929257156280805,0.004152038497521468,69
73,3.8381697654724123,0.22117524143298362,0.03907909393310547,0.00699448160002405,20,4,2,200,"{'classifier__max_depth': 20, 'classifier__min_samples_leaf': 4, 'classifier__min_samples_split': 2, 'classifier__n_estimators': 200}",0.890190336749634,0.8892215568862275,0.898379970544919,0.8989751098096632,0.8905109489051095,0.8934555845791106,0.004288926417078298,65
74,5.002015829086304,0.3513369975907316,0.057358741760253906,0.008423268235361818,20,4,2,300,"{'classifier__max_depth': 20, 'classifier__min_samples_leaf': 4, 'classifier__min_samples_split': 2, 'classifier__n_estimators': 300}",0.8934306569343066,0.890881913303438,0.8938053097345132,0.8976608187134503,0.8888888888888888,0.8929335175149195,0.002963870660509946,67
75,2.8376730918884276,0.2103753975053805,0.024127912521362305,0.005608096627088633,20,4,5,100,"{'classifier__max_depth': 20, 'classifier__min_samples_leaf': 4, 'classifier__min_samples_split': 5, 'classifier__n_estimators': 100}",0.8928046989720999,0.8892215568862275,0.8928046989720999,0.9005847953216374,0.8892128279883382,0.8929257156280805,0.004152038497521468,69
76,3.888611650466919,0.23477221173465296,0.03498950004577637,0.005190806904240637,20,4,5,200,"{'classifier__max_depth': 20, 'classifier__min_samples_leaf': 4, 'classifier__min_samples_split': 5, 'classifier__n_estimators': 200}",0.890190336749634,0.8892215568862275,0.898379970544919,0.8989751098096632,0.8905109489051095,0.8934555845791106,0.004288926417078298,65
77,4.91358208656311,0.271239270274151,0.052564382553100586,0.010073832554287822,20,4,5,300,"{'classifier__max_depth': 20, 'classifier__min_samples_leaf': 4, 'classifier__min_samples_split': 5, 'classifier__n_estimators': 300}",0.8934306569343066,0.890881913303438,0.8938053097345132,0.8976608187134503,0.8888888888888888,0.8929335175149195,0.002963870660509946,67
78,2.9116087436676024,0.22367622959428982,0.02368340492248535,0.00241567388518133,20,4,10,100,"{'classifier__max_depth': 20, 'classifier__min_samples_leaf': 4, 'classifier__min_samples_split': 10, 'classifier__n_estimators': 100}",0.8947368421052632,0.8835820895522388,0.8918518518518519,0.8995633187772926,0.8853410740203193,0.8910150352613933,0.005917225318302267,81
79,3.735988712310791,0.2763449211806283,0.03072504997253418,0.003495667769308685,20,4,10,200,"{'classifier__max_depth': 20, 'classifier__min_samples_leaf': 4, 'classifier__min_samples_split': 10, 'classifier__n_estimators': 200}",0.8944281524926686,0.8928571428571429,0.8961424332344213,0.8966521106259098,0.8905109489051095,0.8941181576230506,0.0022457435011731092,62
80,4.853757572174072,0.2663587552867575,0.049068641662597653,0.007334551388855527,20,4,10,300,"{'classifier__max_depth': 20, 'classifier__min_samples_leaf': 4, 'classifier__min_samples_split': 10, 'classifier__n_estimators': 300}",0.8976608187134503,0.8961424332344213,0.8964497041420119,0.8963503649635036,0.8918128654970761,0.8956832373100927,0.0020066887045676624,56
81,2.955491065979004,0.14598076511922345,0.026149797439575195,0.0034689072910346975,30,1,2,100,"{'classifier__max_depth': 30, 'classifier__min_samples_leaf': 1, 'classifier__min_samples_split': 2, 'classifier__n_estimators': 100}",0.9058823529411765,0.9085545722713865,0.9199417758369723,0.9219440353460973,0.8973607038123167,0.9107366880415899,0.009138724501022984,14
82,4.190786075592041,0.23207368969683675,0.04483728408813477,0.006309301465606805,30,1,2,200,"{'classifier__max_depth': 30, 'classifier__min_samples_leaf': 1, 'classifier__min_samples_split': 2, 'classifier__n_estimators': 200}",0.912850812407681,0.9144542772861357,0.9201741654571843,0.9165446559297218,0.9032258064516129,0.913449943506467,0.005669092145240077,4
83,5.244133710861206,0.27228119844726417,0.055460357666015626,0.006412696159381252,30,1,2,300,"{'classifier__max_depth': 30, 'classifier__min_samples_leaf': 1, 'classifier__min_samples_split': 2, 'classifier__n_estimators': 300}",0.9181286549707602,0.9162995594713657,0.9201741654571843,0.9165446559297218,0.9042709867452136,0.9150836045148492,0.005580538750194117,3
84,2.896586799621582,0.23166898910957412,0.023981428146362303,0.0026235669996316066,30,1,5,100,"{'classifier__max_depth': 30, 'classifier__min_samples_leaf': 1, 'classifier__min_samples_split': 5, 'classifier__n_estimators': 100}",0.9032258064516129,0.9153046062407132,0.908029197080292,0.9181286549707602,0.9032258064516129,0.9095828142389981,0.006148286262319193,20
85,3.9854602813720703,0.28117517961992056,0.04162888526916504,0.003991473282613097,30,1,5,200,"{'classifier__max_depth': 30, 'classifier__min_samples_leaf': 1, 'classifier__min_samples_split': 5, 'classifier__n_estimators': 200}",0.9090909090909091,0.913946587537092,0.9183673469387755,0.9176470588235294,0.9032258064516129,0.9124555417683837,0.005668038007333749,8
86,5.0581464767456055,0.23688628470671302,0.05840802192687988,0.00990641951105883,30,1,5,300,"{'classifier__max_depth': 30, 'classifier__min_samples_leaf': 1, 'classifier__min_samples_split': 5, 'classifier__n_estimators': 300}",0.9104258443465492,0.9120715350223547,0.9212827988338192,0.9136163982430454,0.9019033674963397,0.9118599887884216,0.006214662548636446,10
87,3.008932685852051,0.21087604103206664,0.0266420841217041,0.004193869555163293,30,1,10,100,"{'classifier__max_depth': 30, 'classifier__min_samples_leaf': 1, 'classifier__min_samples_split': 10, 'classifier__n_estimators': 100}",0.9042709867452136,0.9014925373134328,0.9010339734121122,0.9002932551319648,0.8911764705882353,0.8996534446381919,0.004446982419246639,44
88,3.8929867267608644,0.28412521716115163,0.036757040023803714,0.006580401650883102,30,1,10,200,"{'classifier__max_depth': 30, 'classifier__min_samples_leaf': 1, 'classifier__min_samples_split': 10, 'classifier__n_estimators': 200}",0.9042709867452136,0.9044776119402985,0.9020771513353115,0.8960468521229868,0.895741556534508,0.9005228317356637,0.003872979419070527,39
89,5.130363941192627,0.22570959436011076,0.05705051422119141,0.007877188833313613,30,1,10,300,"{'classifier__max_depth': 30, 'classifier__min_samples_leaf': 1, 'classifier__min_samples_split': 10, 'classifier__n_estimators': 300}",0.9039881831610044,0.8955223880597015,0.9069423929098966,0.9005847953216374,0.8960468521229868,0.9006169223150453,0.004432106292063481,37
90,3.0819040298461915,0.16362836411863269,0.03135237693786621,0.004286304488808921,30,2,2,100,"{'classifier__max_depth': 30, 'classifier__min_samples_leaf': 2, 'classifier__min_samples_split': 2, 'classifier__n_estimators': 100}",0.9117647058823529,0.9085545722713865,0.9194729136163983,0.9136163982430454,0.8914956011730205,0.9089808382372407,0.009436495104226656,24
91,3.8830055236816405,0.15458516439407283,0.040456104278564456,0.006217389569805632,30,2,2,200,"{'classifier__max_depth': 30, 'classifier__min_samples_leaf': 2, 'classifier__min_samples_split': 2, 'classifier__n_estimators': 200}",0.9120234604105572,0.911504424778761,0.9138686131386862,0.9088277858176556,0.8976608187134503,0.908777020571822,0.00578748548279395,26
92,5.123692750930786,0.22455957046542027,0.06074090003967285,0.010659411658888061,30,2,2,300,"{'classifier__max_depth': 30, 'classifier__min_samples_leaf': 2, 'classifier__min_samples_split': 2, 'classifier__n_estimators': 300}",0.9104258443465492,0.908284023668639,0.9165446559297218,0.9112081513828238,0.9005847953216374,0.9094094941298743,0.005183062075679534,21
93,2.790860986709595,0.14392675528510956,0.025388193130493165,0.005811477222685022,30,2,5,100,"{'classifier__max_depth': 30, 'classifier__min_samples_leaf': 2, 'classifier__min_samples_split': 5, 'classifier__n_estimators': 100}",0.9133627019089574,0.9125925925925926,0.9178885630498533,0.908284023668639,0.8985507246376812,0.9101357211715447,0.006545183074309661,16
94,4.041689538955689,0.15639958581322774,0.04862685203552246,0.007219781650113093,30,2,5,200,"{'classifier__max_depth': 30, 'classifier__min_samples_leaf': 2, 'classifier__min_samples_split': 5, 'classifier__n_estimators': 200}",0.9096209912536443,0.908284023668639,0.9149560117302052,0.9058823529411765,0.8998548621190131,0.9077196483425356,0.004930093228049703,31
95,5.092277956008911,0.37191804897015285,0.057629871368408206,0.010712891220409701,30,2,5,300,"{'classifier__max_depth': 30, 'classifier__min_samples_leaf': 2, 'classifier__min_samples_split': 5, 'classifier__n_estimators': 300}",0.9021897810218978,0.9101620029455081,0.9215116279069767,0.9074889867841409,0.8998548621190131,0.9082414521555073,0.007580368063577793,29
96,2.9247233867645264,0.1923064631810163,0.023040294647216797,0.006452550056090045,30,2,10,100,"{'classifier__max_depth': 30, 'classifier__min_samples_leaf': 2, 'classifier__min_samples_split': 10, 'classifier__n_estimators': 100}",0.8967551622418879,0.8958333333333334,0.9013254786450663,0.9023668639053254,0.8892128279883382,0.8970987332227901,0.004680285397684913,52
97,3.990111970901489,0.21270615171477114,0.041274070739746094,0.0052775695059825685,30,2,10,200,"{'classifier__max_depth': 30, 'classifier__min_samples_leaf': 2, 'classifier__min_samples_split': 10, 'classifier__n_estimators': 200}",0.9029411764705882,0.890881913303438,0.9029411764705882,0.9098966026587888,0.8908554572271387,0.8995032652261085,0.007493626926942318,46
98,4.801559591293335,0.21328644622367246,0.0460782527923584,0.002610135871910049,30,2,10,300,"{'classifier__max_depth': 30, 'classifier__min_samples_leaf': 2, 'classifier__min_samples_split': 10, 'classifier__n_estimators': 300}",0.9029411764705882,0.8945022288261516,0.8986784140969163,0.9058823529411765,0.8898678414096917,0.8983744027489049,0.005738858386826704,49
99,2.8781050205230714,0.14478458889518947,0.02669496536254883,0.005543593342394272,30,4,2,100,"{'classifier__max_depth': 30, 'classifier__min_samples_leaf': 4, 'classifier__min_samples_split': 2, 'classifier__n_estimators': 100}",0.8865979381443299,0.8955223880597015,0.888235294117647,0.9,0.8928046989720999,0.8926320638587557,0.004866467243169545,71
100,3.935798501968384,0.19504496047992056,0.041111993789672854,0.006762086413286101,30,4,2,200,"{'classifier__max_depth': 30, 'classifier__min_samples_leaf': 4, 'classifier__min_samples_split': 2, 'classifier__n_estimators': 200}",0.8885630498533724,0.8922155688622755,0.8938053097345132,0.8963503649635036,0.8918128654970761,0.8925494317821482,0.0025522365761820043,77
101,5.090868616104126,0.1760009496527919,0.05718083381652832,0.010205050511471107,30,4,2,300,"{'classifier__max_depth': 30, 'classifier__min_samples_leaf': 4, 'classifier__min_samples_split': 2, 'classifier__n_estimators': 300}",0.893740902474527,0.8952095808383234,0.8928046989720999,0.8976608187134503,0.8914956011730205,0.8941823204342843,0.0021197341962133046,58
102,2.7641482830047606,0.10837884081118278,0.01785449981689453,0.003375463978811734,30,4,5,100,"{'classifier__max_depth': 30, 'classifier__min_samples_leaf': 4, 'classifier__min_samples_split': 5, 'classifier__n_estimators': 100}",0.8865979381443299,0.8955223880597015,0.888235294117647,0.9,0.8928046989720999,0.8926320638587557,0.004866467243169545,71
103,3.9757383346557615,0.22958366002689498,0.04660320281982422,0.006833986900849096,30,4,5,200,"{'classifier__max_depth': 30, 'classifier__min_samples_leaf': 4, 'classifier__min_samples_split': 5, 'classifier__n_estimators': 200}",0.8885630498533724,0.8922155688622755,0.8938053097345132,0.8963503649635036,0.8918128654970761,0.8925494317821482,0.0025522365761820043,77
104,4.8237958431243895,0.18387209989087278,0.0460263729095459,0.007851328931967636,30,4,5,300,"{'classifier__max_depth': 30, 'classifier__min_samples_leaf': 4, 'classifier__min_samples_split': 5, 'classifier__n_estimators': 300}",0.893740902474527,0.8952095808383234,0.8928046989720999,0.8976608187134503,0.8914956011730205,0.8941823204342843,0.0021197341962133046,58
105,2.8472214698791505,0.20002962364416646,0.026006650924682618,0.006054299369767127,30,4,10,100,"{'classifier__max_depth': 30, 'classifier__min_samples_leaf': 4, 'classifier__min_samples_split': 10, 'classifier__n_estimators': 100}",0.8953488372093024,0.8878923766816144,0.8967551622418879,0.8963503649635036,0.8866279069767442,0.8925949296146106,0.004398049578195323,75
106,3.4376106739044188,0.09965607430736688,0.027784967422485353,0.006898378118813775,30,4,10,200,"{'classifier__max_depth': 30, 'classifier__min_samples_leaf': 4, 'classifier__min_samples_split': 10, 'classifier__n_estimators': 200}",0.8947368421052632,0.890881913303438,0.8945022288261516,0.8966521106259098,0.8918128654970761,0.8937171920715677,0.002094515753734316,63
107,3.766962480545044,0.21270581065459124,0.030199718475341798,0.0029262222982133464,30,4,10,300,"{'classifier__max_depth': 30, 'classifier__min_samples_leaf': 4, 'classifier__min_samples_split': 10, 'classifier__n_estimators': 300}",0.8976608187134503,0.8945022288261516,0.8991097922848664,0.8973607038123167,0.8931185944363104,0.896350427614619,0.002200566320975093,54
